nombre;documento;email
Ellis, Gemma A.;16540626 8804;felis.eget.varius@temporestac.edu
Brewer, Philip A.;16421108 4050;adipiscing.fringilla@malesuada.net
Flores, Aubrey L.;16740427 5138;feugiat.Sed.nec@pedeblanditcongue.com
Morton, Hiram B.;16450509 4237;vitae.erat@sitamet.edu
Kemp, Paki T.;16400426 8795;Quisque.ac@penatibus.org
Wilkins, Ayanna F.;16660612 9770;vestibulum@nisi.ca
Silva, Ivy V.;16530921 1216;felis@arcuAliquam.edu
Wolf, Jenette K.;16791210 4291;aliquet@urna.ca
Arnold, Giselle X.;16350215 4259;ullamcorper.velit.in@sapiencursusin.co.uk
Norton, Ciaran K.;16420108 9192;quis.urna.Nunc@tincidunt.net
Rowe, Ayanna N.;16290603 1303;Ut.tincidunt.vehicula@ridiculusmusAenean.com
Poole, Justin K.;16061116 3080;Mauris@Nuncmauris.org
Barrera, Calvin G.;16831111 5318;habitant.morbi.tristique@vehicularisusNulla.ca
Cotton, Ignacia N.;16170503 6042;malesuada.augue.ut@quis.co.uk
Chang, Len T.;16970904 0704;Proin@in.ca
Baker, Hop K.;16110905 4781;vitae@ut.ca
Wolf, Caryn Y.;16270522 9579;metus.urna@hendreritneque.co.uk
Carson, Harrison K.;16330805 8472;auctor.nunc.nulla@Nunc.edu
Glover, Leonard O.;16221218 5173;adipiscing@quisarcuvel.edu
Tucker, Ivana F.;16630623 5554;vehicula.aliquet@tristiqueaceleifend.org
Martinez, Bo X.;16700608 0944;sit.amet@maurissapiencursus.co.uk
Maynard, Leigh D.;16090204 7695;nonummy@mattis.edu
Whitley, Cara Q.;16281227 7933;lobortis.risus@eueuismodac.edu
Gregory, Irene P.;16180216 9506;non.quam.Pellentesque@egetmollislectus.co.uk
Yang, Venus W.;16130304 5890;non.justo.Proin@ultriciesadipiscingenim.ca
Briggs, Kenneth G.;16670124 3484;euismod.mauris@tinciduntdui.ca
Higgins, Arden I.;16580218 7194;libero.dui.nec@Sed.org
Pickett, Yasir V.;16560706 5363;malesuada@inceptos.edu
Griffith, Fletcher T.;16041009 4379;Class@Phasellusdolor.ca
Pugh, Eden E.;16460508 0268;lorem@penatibus.net
Logan, Pamela D.;16520706 4790;diam.nunc.ullamcorper@interdum.co.uk
Compton, Brady X.;16840103 4718;purus.Duis.elementum@diamdictumsapien.ca
Coffey, Brenden E.;16250312 0681;purus.gravida.sagittis@sagittisplacerat.org
Guerra, James R.;16380114 6212;sit.amet.ornare@auctorquis.net
Mccray, Iola N.;16460613 0674;non.sollicitudin@disparturient.edu
Mcgowan, Joel U.;16580615 0453;et@odioNaminterdum.com
Collins, Kamal F.;16001124 3516;sapien.imperdiet@sedconsequat.edu
Heath, Troy U.;16790713 2117;tellus.non@antedictum.com
Howard, Octavius D.;16601118 9831;Morbi.non@ametconsectetueradipiscing.com
Bryant, Deborah S.;16321016 6876;pharetra@iaculislacuspede.ca
Tanner, Howard A.;16260720 1114;sem.eget.massa@laciniavitaesodales.com
Blevins, Allegra S.;16980503 0955;vel.convallis@lectussitamet.edu
Montoya, Hilda F.;16610806 1737;penatibus.et.magnis@lobortisaugue.org
Duncan, Fulton T.;16471210 5479;ac.urna@ipsumprimisin.edu
Gentry, Marvin B.;16991230 0390;vitae.erat.Vivamus@euligula.com
Stout, Calvin B.;16580302 5203;diam.nunc.ullamcorper@nisiaodio.net
Ramos, Asher P.;16240712 9770;Nullam.vitae.diam@sapienmolestieorci.co.uk
Ferrell, Reece H.;16640915 4249;tincidunt.Donec@luctusaliquet.edu
Cotton, Carl O.;16331014 9855;Nullam@Nullamlobortis.net
Sheppard, Maggie H.;16800725 5022;amet.risus.Donec@convallis.net
Booker, Mallory I.;16620915 2476;pede.Cum.sociis@idnuncinterdum.com
Sparks, Lavinia P.;16320502 5111;Donec.feugiat@turpis.ca
Patton, Phelan M.;16680307 3334;auctor.velit@arcu.co.uk
Whitaker, Martin D.;16211126 0697;magna@disparturientmontes.com
Waters, Ebony O.;16830915 1515;lectus.sit@dictum.net
Ellison, Dean Z.;16250416 9406;magna.a.neque@dolortempus.org
Terrell, Orlando T.;16780204 3955;tempus.eu@maurisSuspendisse.org
Clayton, Emery G.;16000412 1778;nec@semconsequatnec.net
Carter, Debra I.;16830829 1205;malesuada.malesuada@mus.net
Stein, Charity S.;16161124 2304;pulvinar.arcu@enimEtiamimperdiet.org
Parker, Valentine O.;16321213 1407;Nullam@urnaNuncquis.ca
Reid, Leigh M.;16011112 3592;sem.Nulla@maurisrhoncus.net
Odonnell, Amir P.;16960603 9346;Donec.fringilla.Donec@Quisquefringillaeuismod.edu
Marshall, Dakota F.;16741211 1432;vulputate.mauris@risusvarius.edu
Stout, Ira J.;16730126 4425;elit.a.feugiat@libero.co.uk
Erickson, Bertha H.;16310429 1103;Nunc@diamPellentesquehabitant.net
Castaneda, Illiana V.;16180118 2435;vel@egetvolutpat.ca
Tanner, Wylie W.;16151015 0004;dictum.sapien@fermentumrisus.com
Nunez, Zoe P.;16960218 5150;nibh.vulputate@nonvestibulumnec.ca
Lopez, Omar U.;16600223 7805;sem@felis.edu
Barton, Sage U.;16861124 3315;orci.tincidunt.adipiscing@semperauctor.org
Larson, Emerson W.;16330622 5271;nulla@ornare.com
Finley, Shellie A.;16060211 4373;nisi.Aenean.eget@lectusante.ca
Boyd, Tyrone M.;16750723 0147;lacus.Etiam.bibendum@Aliquamvulputateullamcorper.org
Byers, Raymond H.;16301120 7481;tempus@egestasblanditNam.net
Barnett, Xerxes S.;16760404 6396;ullamcorper.eu.euismod@auctornonfeugiat.org
Chan, Kareem D.;16341019 4090;semper@nibhlacinia.edu
Spence, Ignacia V.;16050812 2611;magna.nec@euismodurnaNullam.net
Booker, Burke G.;16691227 0730;parturient@arcuvelquam.co.uk
Cochran, Karina I.;16111011 4210;Nulla.semper@quisarcuvel.net
Kaufman, Leah Y.;16140501 7359;Praesent.luctus@a.co.uk
Collins, Neil I.;16190404 9598;ultrices@pedeacurna.edu
Mendoza, Kermit Z.;16120917 1766;in@Quisque.com
Roberts, Mollie E.;16890123 1863;turpis.egestas.Aliquam@Fuscealiquetmagna.ca
Chambers, Hilda R.;16911105 9813;id.risus.quis@tellus.edu
Wynn, Wynne C.;16150718 3638;nisi.dictum@at.co.uk
Bird, Willow B.;16260217 9216;mi.ac.mattis@Donec.co.uk
Mckenzie, MacKenzie B.;16341008 4275;ridiculus.mus@lacusNulla.ca
Mcintyre, Clio H.;16261218 1152;vulputate.dui.nec@Mauris.co.uk
Battle, Roth U.;16630220 2707;est.mollis@Nullatincidunt.net
Albert, Wylie G.;16811004 9106;nec.ante@molestiesodales.com
Ballard, Noelani L.;16200203 6826;malesuada@ut.co.uk
Barton, Damon H.;16741213 3584;Sed@tellusNunc.co.uk
Burris, Theodore Y.;16940812 0682;Integer.tincidunt.aliquam@nislMaecenasmalesuada.net
Olson, Miranda H.;16220610 2515;Donec@enimEtiam.com
Floyd, Connor O.;16761129 1480;Phasellus.nulla.Integer@etrutrumnon.edu
Whitfield, Kai J.;16791227 7188;Nulla.facilisi.Sed@blandit.edu
Workman, Hayden Y.;16840112 4063;est@sitamet.com
Glass, Kasper N.;16681209 9205;aliquet@adipiscingligulaAenean.net
Soto, Melodie W.;16930520 8820;lorem@Vivamusnon.edu